<?xml version="1.0" encoding="UTF-8"?>
<document type="com.apple.InterfaceBuilder3.CocoaTouch.Storyboard.XIB" version="3.0" toolsVersion="14109" targetRuntime="iOS.CocoaTouch" propertyAccessControl="none" useAutolayout="YES" useTraitCollections="YES" useSafeAreas="YES" colorMatched="YES" initialViewController="f1L-AT-HwB">
    <device id="retina4_7" orientation="portrait">
        <adaptation id="fullscreen"/>
    </device>
    <dependencies>
        <deployment identifier="iOS"/>
        <plugIn identifier="com.apple.InterfaceBuilder.IBCocoaTouchPlugin" version="14088"/>
        <capability name="Safe area layout guides" minToolsVersion="9.0"/>
        <capability name="documents saved in the Xcode 8 format" minToolsVersion="8.0"/>
    </dependencies>
    <scenes>
        <!--Machar Mar-->
        <scene sceneID="tne-QT-ifu">
            <objects>
                <viewController id="BYZ-38-t0r" customClass="ViewController" customModule="game" customModuleProvider="target" sceneMemberID="viewController">
                    <view key="view" contentMode="scaleToFill" id="8bC-Xf-vdC">
                        <rect key="frame" x="0.0" y="0.0" width="375" height="667"/>
                        <autoresizingMask key="autoresizingMask" widthSizable="YES" heightSizable="YES"/>
                        <subviews>
                            <button opaque="NO" contentMode="scaleToFill" fixedFrame="YES" contentHorizontalAlignment="center" contentVerticalAlignment="center" buttonType="roundedRect" lineBreakMode="middleTruncation" translatesAutoresizingMaskIntoConstraints="NO" id="iyC-WY-b0M">
                                <rect key="frame" x="60" y="120" width="60" height="60"/>
                                <autoresizingMask key="autoresizingMask" flexibleMaxX="YES" flexibleMaxY="YES"/>
                                <connections>
                                    <action selector="b1tap:" destination="BYZ-38-t0r" eventType="touchUpInside" id="zLL-CG-zXg"/>
                                </connections>
                            </button>
                            <button opaque="NO" contentMode="scaleToFill" fixedFrame="YES" contentHorizontalAlignment="center" contentVerticalAlignment="center" buttonType="roundedRect" lineBreakMode="middleTruncation" translatesAutoresizingMaskIntoConstraints="NO" id="Yfc-qe-YFh">
                                <rect key="frame" x="150" y="120" width="60" height="60"/>
                                <autoresizingMask key="autoresizingMask" flexibleMaxX="YES" flexibleMaxY="YES"/>
                                <connections>
                                    <action selector="b2tap:" destination="BYZ-38-t0r" eventType="touchUpInside" id="aUx-GH-UnG"/>
                                </connections>
                            </button>
                            <button opaque="NO" contentMode="scaleToFill" fixedFrame="YES" contentHorizontalAlignment="center" contentVerticalAlignment="center" buttonType="roundedRect" lineBreakMode="middleTruncation" translatesAutoresizingMaskIntoConstraints="NO" id="qHP-2X-eZe">
                                <rect key="frame" x="240" y="120" width="60" height="60"/>
                                <autoresizingMask key="autoresizingMask" flexibleMaxX="YES" flexibleMaxY="YES"/>
                                <connections>
                                    <action selector="b3tap:" destination="BYZ-38-t0r" eventType="touchUpInside" id="96C-eo-hWF"/>
                                </connections>
                            </button>
                            <button opaque="NO" contentMode="scaleToFill" fixedFrame="YES" contentHorizontalAlignment="center" contentVerticalAlignment="center" buttonType="roundedRect" lineBreakMode="middleTruncation" translatesAutoresizingMaskIntoConstraints="NO" id="rRR-sH-rDo">
                                <rect key="frame" x="60" y="210" width="60" height="60"/>
                                <autoresizingMask key="autoresizingMask" flexibleMaxX="YES" flexibleMaxY="YES"/>
                                <connections>
                                    <action selector="b4tap:" destination="BYZ-38-t0r" eventType="touchUpInside" id="Mt9-aK-bRb"/>
                                </connections>
                            </button>
                            <button opaque="NO" contentMode="scaleToFill" fixedFrame="YES" contentHorizontalAlignment="center" contentVerticalAlignment="center" buttonType="roundedRect" lineBreakMode="middleTruncation" translatesAutoresizingMaskIntoConstraints="NO" id="Bw5-W0-VeN">
                                <rect key="frame" x="150" y="210" width="60" height="60"/>
                                <autoresizingMask key="autoresizingMask" flexibleMaxX="YES" flexibleMaxY="YES"/>
                                <connections>
                                    <action selector="b5tap:" destination="BYZ-38-t0r" eventType="touchUpInside" id="hTg-oj-xfb"/>
                                </connections>
                            </button>
                            <button opaque="NO" contentMode="scaleToFill" fixedFrame="YES" contentHorizontalAlignment="center" contentVerticalAlignment="center" buttonType="roundedRect" lineBreakMode="middleTruncation" translatesAutoresizingMaskIntoConstraints="NO" id="EST-It-Qz8">
                                <rect key="frame" x="240" y="210" width="60" height="60"/>
                                <autoresizingMask key="autoresizingMask" flexibleMaxX="YES" flexibleMaxY="YES"/>
                                <connections>
                                    <action selector="b6tap:" destination="BYZ-38-t0r" eventType="touchUpInside" id="r1Y-6j-gQk"/>
                                </connections>
                            </button>
                            <button opaque="NO" contentMode="scaleToFill" fixedFrame="YES" contentHorizontalAlignment="center" contentVerticalAlignment="center" buttonType="roundedRect" lineBreakMode="middleTruncation" translatesAutoresizingMaskIntoConstraints="NO" id="LYR-0A-AL8">
                                <rect key="frame" x="150" y="300" width="60" height="60"/>
                                <autoresizingMask key="autoresizingMask" flexibleMaxX="YES" flexibleMaxY="YES"/>
                                <connections>
                                    <action selector="b8tap:" destination="BYZ-38-t0r" eventType="touchUpInside" id="IJT-MT-Xus"/>
                                    <action selector="b9tap:" destination="BYZ-38-t0r" eventType="touchUpInside" id="0pR-LS-nrp"/>
                                </connections>
                            </button>
                            <button opaque="NO" contentMode="scaleToFill" fixedFrame="YES" contentHorizontalAlignment="center" contentVerticalAlignment="center" buttonType="roundedRect" lineBreakMode="middleTruncation" translatesAutoresizingMaskIntoConstraints="NO" id="ZuC-ON-abZ">
                                <rect key="frame" x="240" y="300" width="60" height="60"/>
                                <autoresizingMask key="autoresizingMask" flexibleMaxX="YES" flexibleMaxY="YES"/>
                                <connections>
                                    <action selector="b9tap:" destination="BYZ-38-t0r" eventType="touchUpInside" id="ida-fx-dAe"/>
                                </connections>
                            </button>
                            <label opaque="NO" userInteractionEnabled="NO" contentMode="left" horizontalHuggingPriority="251" verticalHuggingPriority="251" fixedFrame="YES" text="GAME OVER" textAlignment="center" lineBreakMode="tailTruncation" baselineAdjustment="alignBaselines" adjustsFontSizeToFit="NO" translatesAutoresizingMaskIntoConstraints="NO" id="AI6-gJ-Nxr">
                                <rect key="frame" x="115" y="490" width="144" height="29"/>
                                <autoresizingMask key="autoresizingMask" flexibleMaxX="YES" flexibleMaxY="YES"/>
                                <color key="backgroundColor" red="0.059984352749999997" green="1" blue="0.2682218468" alpha="1" colorSpace="custom" customColorSpace="sRGB"/>
                                <color key="tintColor" red="0.059984352749999997" green="1" blue="0.2682218468" alpha="1" colorSpace="custom" customColorSpace="sRGB"/>
                                <fontDescription key="fontDescription" type="system" pointSize="24"/>
                                <color key="textColor" red="0.0" green="0.47843137250000001" blue="1" alpha="1" colorSpace="custom" customColorSpace="sRGB"/>
                                <color key="highlightedColor" red="0.059984352749999997" green="1" blue="0.2682218468" alpha="1" colorSpace="custom" customColorSpace="sRGB"/>
                            </label>
                            <button opaque="NO" contentMode="scaleToFill" fixedFrame="YES" contentHorizontalAlignment="center" contentVerticalAlignment="center" buttonType="roundedRect" lineBreakMode="middleTruncation" translatesAutoresizingMaskIntoConstraints="NO" id="nmC-dd-Y4Y">
                                <rect key="frame" x="155" y="558" width="65" height="30"/>
                                <autoresizingMask key="autoresizingMask" flexibleMaxX="YES" flexibleMaxY="YES"/>
                                <color key="backgroundColor" red="0.059984352749999997" green="1" blue="0.2682218468" alpha="1" colorSpace="custom" customColorSpace="sRGB"/>
                                <state key="normal" title="Start"/>
                                <connections>
                                    <action selector="gamestart:" destination="BYZ-38-t0r" eventType="touchUpInside" id="0Ub-Id-Gfp"/>
                                </connections>
                            </button>
                            <label opaque="NO" userInteractionEnabled="NO" contentMode="left" horizontalHuggingPriority="251" verticalHuggingPriority="251" fixedFrame="YES" text="Score : 0" textAlignment="natural" lineBreakMode="tailTruncation" baselineAdjustment="alignBaselines" adjustsFontSizeToFit="NO" translatesAutoresizingMaskIntoConstraints="NO" id="Lw2-aY-DW3">
                                <rect key="frame" x="141" y="427" width="92" height="29"/>
                                <autoresizingMask key="autoresizingMask" flexibleMaxX="YES" flexibleMaxY="YES"/>
                                <color key="backgroundColor" red="0.059984352749999997" green="1" blue="0.2682218468" alpha="1" colorSpace="custom" customColorSpace="sRGB"/>
                                <fontDescription key="fontDescription" type="system" pointSize="24"/>
                                <color key="textColor" red="0.0" green="0.47843137250000001" blue="1" alpha="1" colorSpace="custom" customColorSpace="sRGB"/>
                                <nil key="highlightedColor"/>
                            </label>
                            <button opaque="NO" contentMode="scaleToFill" fixedFrame="YES" contentHorizontalAlignment="center" contentVerticalAlignment="center" buttonType="roundedRect" lineBreakMode="middleTruncation" translatesAutoresizingMaskIntoConstraints="NO" id="5uT-Aq-RrG">
                                <rect key="frame" x="171" y="617" width="32" height="30"/>
                                <autoresizingMask key="autoresizingMask" flexibleMaxX="YES" flexibleMaxY="YES"/>
                                <state key="normal" title="Next"/>
                                <connections>
                                    <segue destination="AAg-2m-WVR" kind="show" identifier="id1" id="31S-BT-rGV"/>
                                </connections>
                            </button>
                            <button opaque="NO" contentMode="scaleToFill" fixedFrame="YES" contentHorizontalAlignment="center" contentVerticalAlignment="center" buttonType="roundedRect" lineBreakMode="middleTruncation" translatesAutoresizingMaskIntoConstraints="NO" id="MqD-AH-9v3">
                                <rect key="frame" x="60" y="300" width="60" height="60"/>
                                <autoresizingMask key="autoresizingMask" flexibleMaxX="YES" flexibleMaxY="YES"/>
                                <connections>
                                    <action selector="b7tap:" destination="BYZ-38-t0r" eventType="touchUpInside" id="obp-1h-2nx"/>
                                </connections>
                            </button>
                        </subviews>
                        <color key="backgroundColor" red="1" green="0.6916237274" blue="0.88208481419999996" alpha="1" colorSpace="custom" customColorSpace="sRGB"/>
                        <viewLayoutGuide key="safeArea" id="6Tk-OE-BBY"/>
                    </view>
                    <navigationItem key="navigationItem" title="Machar Mar" id="iT3-fC-xaG"/>
                    <connections>
                        <outlet property="b1" destination="iyC-WY-b0M" id="js0-Dl-pMv"/>
                        <outlet property="b2" destination="Yfc-qe-YFh" id="alR-wj-fN1"/>
                        <outlet property="b3" destination="qHP-2X-eZe" id="fac-uX-WPO"/>
                        <outlet property="b4" destination="rRR-sH-rDo" id="9kt-xe-ES9"/>
                        <outlet property="b5" destination="Bw5-W0-VeN" id="bJD-nB-SlD"/>
                        <outlet property="b6" destination="EST-It-Qz8" id="pwa-vg-iU5"/>
                        <outlet property="b7" destination="MqD-AH-9v3" id="EP5-Nm-BDF"/>
                        <outlet property="b8" destination="LYR-0A-AL8" id="Hj9-3i-fAG"/>
                        <outlet property="b9" destination="ZuC-ON-abZ" id="6Or-sT-6fP"/>
                        <outlet property="gameover" destination="AI6-gJ-Nxr" id="Qej-9Y-e7j"/>
                        <outlet property="score" destination="Lw2-aY-DW3" id="i6v-LT-aIo"/>
                    </connections>
                </viewController>
                <placeholder placeholderIdentifier="IBFirstResponder" id="dkx-z0-nzr" sceneMemberID="firstResponder"/>
            </objects>
            <point key="canvasLocation" x="-215" y="54"/>
        </scene>
        <!--Image Show-->
        <scene sceneID="Ewo-SA-tkd">
            <objects>
                <viewController id="AAg-2m-WVR" customClass="ImageShow" customModule="game" customModuleProvider="target" sceneMemberID="viewController">
                    <view key="view" contentMode="scaleToFill" id="tXc-VA-KiM">
                        <rect key="frame" x="0.0" y="0.0" width="375" height="667"/>
                        <autoresizingMask key="autoresizingMask" widthSizable="YES" heightSizable="YES"/>
                        <subviews>
                            <imageView userInteractionEnabled="NO" tag="2" contentMode="scaleToFill" horizontalHuggingPriority="251" verticalHuggingPriority="251" fixedFrame="YES" image="car4" highlightedImage="car4" translatesAutoresizingMaskIntoConstraints="NO" id="Tr3-CL-22H">
                                <rect key="frame" x="16" y="446" width="172" height="87"/>
                                <autoresizingMask key="autoresizingMask" flexibleMaxX="YES" flexibleMaxY="YES"/>
                            </imageView>
                            <imageView userInteractionEnabled="NO" tag="3" contentMode="scaleToFill" horizontalHuggingPriority="251" verticalHuggingPriority="251" fixedFrame="YES" image="a3" translatesAutoresizingMaskIntoConstraints="NO" id="Ayj-AT-vuX">
                                <rect key="frame" x="187" y="446" width="176" height="87"/>
                                <autoresizingMask key="autoresizingMask" flexibleMaxX="YES" flexibleMaxY="YES"/>
                            </imageView>
                            <imageView userInteractionEnabled="NO" tag="1" contentMode="scaleToFill" horizontalHuggingPriority="251" verticalHuggingPriority="251" fixedFrame="YES" image="car2" highlightedImage="car2" translatesAutoresizingMaskIntoConstraints="NO" id="wNE-Ly-87O">
                                <rect key="frame" x="187" y="354" width="172" height="87"/>
                                <autoresizingMask key="autoresizingMask" flexibleMaxX="YES" flexibleMaxY="YES"/>
                            </imageView>
                            <imageView userInteractionEnabled="NO" contentMode="scaleToFill" horizontalHuggingPriority="251" verticalHuggingPriority="251" fixedFrame="YES" image="car1" translatesAutoresizingMaskIntoConstraints="NO" id="vOM-ur-Qrq">
                                <rect key="frame" x="16" y="354" width="172" height="87"/>
                                <autoresizingMask key="autoresizingMask" flexibleMaxX="YES" flexibleMaxY="YES"/>
                            </imageView>
                            <imageView userInteractionEnabled="NO" contentMode="scaleToFill" horizontalHuggingPriority="251" verticalHuggingPriority="251" fixedFrame="YES" translatesAutoresizingMaskIntoConstraints="NO" id="B05-Aw-dYp">
                                <rect key="frame" x="52" y="164" width="271" height="157"/>
                                <autoresizingMask key="autoresizingMask" flexibleMaxX="YES" flexibleMaxY="YES"/>
                            </imageView>
                            <button opaque="NO" contentMode="scaleToFill" fixedFrame="YES" contentHorizontalAlignment="center" contentVerticalAlignment="center" buttonType="roundedRect" lineBreakMode="middleTruncation" translatesAutoresizingMaskIntoConstraints="NO" id="iRZ-v6-ETz">
                                <rect key="frame" x="171" y="601" width="32" height="30"/>
                                <autoresizingMask key="autoresizingMask" flexibleMaxX="YES" flexibleMaxY="YES"/>
                                <state key="normal" title="Next"/>
                            </button>
                            <button opaque="NO" contentMode="scaleToFill" fixedFrame="YES" contentHorizontalAlignment="center" contentVerticalAlignment="center" buttonType="roundedRect" lineBreakMode="middleTruncation" translatesAutoresizingMaskIntoConstraints="NO" id="ORr-gA-hQn">
                                <rect key="frame" x="171" y="601" width="32" height="30"/>
                                <autoresizingMask key="autoresizingMask" flexibleMaxX="YES" flexibleMaxY="YES"/>
                                <state key="normal" title="Next"/>
                                <connections>
                                    <segue destination="SPQ-tX-Y79" kind="show" identifier="id2" id="lyq-J4-Rpt"/>
                                </connections>
                            </button>
                        </subviews>
                        <color key="backgroundColor" white="1" alpha="1" colorSpace="custom" customColorSpace="genericGamma22GrayColorSpace"/>
                        <viewLayoutGuide key="safeArea" id="LB4-K6-Ohz"/>
                    </view>
                    <connections>
                        <outlet property="imgview" destination="B05-Aw-dYp" id="dag-Xf-le2"/>
                        <outlet property="imgview1" destination="vOM-ur-Qrq" id="dlR-6I-9Yb"/>
                        <outlet property="imgview2" destination="wNE-Ly-87O" id="EnF-tp-V1T"/>
                        <outlet property="imgview3" destination="Tr3-CL-22H" id="kPo-Cc-EgK"/>
                        <outlet property="imgview4" destination="Ayj-AT-vuX" id="pNz-7R-E39"/>
                    </connections>
                </viewController>
                <placeholder placeholderIdentifier="IBFirstResponder" id="cJz-Xn-B81" userLabel="First Responder" sceneMemberID="firstResponder"/>
            </objects>
            <point key="canvasLocation" x="503" y="54"/>
        </scene>
        <!--Table View-->
        <scene sceneID="M1e-wQ-1zN">
            <objects>
                <tableViewController id="SPQ-tX-Y79" customClass="TableView" customModule="game" customModuleProvider="target" sceneMemberID="viewController">
                    <tableView key="view" clipsSubviews="YES" contentMode="scaleToFill" alwaysBounceVertical="YES" dataMode="prototypes" style="plain" separatorStyle="default" rowHeight="-1" estimatedRowHeight="-1" sectionHeaderHeight="28" sectionFooterHeight="28" id="aqA-cc-aoL" customClass="ta">
                        <rect key="frame" x="0.0" y="0.0" width="375" height="667"/>
                        <autoresizingMask key="autoresizingMask" widthSizable="YES" heightSizable="YES"/>
                        <color key="backgroundColor" white="1" alpha="1" colorSpace="custom" customColorSpace="genericGamma22GrayColorSpace"/>
                        <prototypes>
                            <tableViewCell clipsSubviews="YES" contentMode="scaleToFill" preservesSuperviewLayoutMargins="YES" selectionStyle="default" indentationWidth="10" reuseIdentifier="identity" id="xx2-zJ-gZp">
                                <rect key="frame" x="0.0" y="28" width="375" height="44"/>
                                <autoresizingMask key="autoresizingMask"/>
                                <tableViewCellContentView key="contentView" opaque="NO" clipsSubviews="YES" multipleTouchEnabled="YES" contentMode="center" restorationIdentifier="identity" preservesSuperviewLayoutMargins="YES" insetsLayoutMarginsFromSafeArea="NO" tableViewCell="xx2-zJ-gZp" id="35w-36-pxS">
                                    <rect key="frame" x="0.0" y="0.0" width="375" height="43.5"/>
                                    <autoresizingMask key="autoresizingMask"/>
                                </tableViewCellContentView>
                            </tableViewCell>
                        </prototypes>
                        <connections>
                            <outlet property="dataSource" destination="SPQ-tX-Y79" id="ZI0-5Y-R9d"/>
                            <outlet property="delegate" destination="SPQ-tX-Y79" id="AYm-Gh-2jO"/>
                        </connections>
                    </tableView>
                    <connections>
                        <segue destination="myb-uW-KG5" kind="show" identifier="id3" id="R92-fb-vla"/>
                    </connections>
                </tableViewController>
                <placeholder placeholderIdentifier="IBFirstResponder" id="dwR-xY-cyh" userLabel="First Responder" sceneMemberID="firstResponder"/>
            </objects>
            <point key="canvasLocation" x="1372" y="54"/>
        </scene>
        <!--Image Detail View View Controller-->
        <scene sceneID="mer-vr-z0u">
            <objects>
                <viewController id="myb-uW-KG5" customClass="ImageDetailViewViewController" customModule="game" customModuleProvider="target" sceneMemberID="viewController">
                    <view key="view" contentMode="scaleToFill" id="Zoq-b8-6Qb">
                        <rect key="frame" x="0.0" y="0.0" width="375" height="667"/>
                        <autoresizingMask key="autoresizingMask" widthSizable="YES" heightSizable="YES"/>
                        <subviews>
                            <imageView userInteractionEnabled="NO" contentMode="scaleToFill" horizontalHuggingPriority="251" verticalHuggingPriority="251" fixedFrame="YES" translatesAutoresizingMaskIntoConstraints="NO" id="3X2-Xi-2S1">
                                <rect key="frame" x="47" y="144" width="280" height="185"/>
                                <autoresizingMask key="autoresizingMask" flexibleMaxX="YES" flexibleMaxY="YES"/>
                            </imageView>
                            <label opaque="NO" userInteractionEnabled="NO" contentMode="left" horizontalHuggingPriority="251" verticalHuggingPriority="251" fixedFrame="YES" text="Label" textAlignment="natural" lineBreakMode="tailTruncation" baselineAdjustment="alignBaselines" adjustsFontSizeToFit="NO" translatesAutoresizingMaskIntoConstraints="NO" id="dYW-Ns-uM4">
                                <rect key="frame" x="47" y="382" width="280" height="21"/>
                                <autoresizingMask key="autoresizingMask" flexibleMaxX="YES" flexibleMaxY="YES"/>
                                <fontDescription key="fontDescription" type="system" pointSize="17"/>
                                <nil key="textColor"/>
                                <nil key="highlightedColor"/>
                            </label>
                            <button opaque="NO" contentMode="scaleToFill" fixedFrame="YES" contentHorizontalAlignment="center" contentVerticalAlignment="center" buttonType="roundedRect" lineBreakMode="middleTruncation" translatesAutoresizingMaskIntoConstraints="NO" id="h1q-0R-ZbL">
                                <rect key="frame" x="158" y="481" width="59" height="30"/>
                                <autoresizingMask key="autoresizingMask" flexibleMaxX="YES" flexibleMaxY="YES"/>
                                <state key="normal" title="Firebase"/>
                                <connections>
                                    <segue destination="zzj-Fg-Tt5" kind="show" id="vEu-fK-RQb"/>
                                </connections>
                            </button>
                        </subviews>
                        <color key="backgroundColor" white="1" alpha="1" colorSpace="custom" customColorSpace="genericGamma22GrayColorSpace"/>
                        <viewLayoutGuide key="safeArea" id="Vq3-nz-nZh"/>
                    </view>
                    <connections>
                        <outlet property="imgview" destination="3X2-Xi-2S1" id="GiY-xh-V38"/>
                        <outlet property="label" destination="dYW-Ns-uM4" id="XZR-5R-VJ9"/>
                    </connections>
                </viewController>
                <placeholder placeholderIdentifier="IBFirstResponder" id="APm-AD-Rah" userLabel="First Responder" sceneMemberID="firstResponder"/>
            </objects>
            <point key="canvasLocation" x="2344.8000000000002" y="53.523238380809602"/>
        </scene>
        <!--Firebase-->
        <scene sceneID="FIy-jP-ze2">
            <objects>
                <viewController id="Qw5-wE-PH1" customClass="Firebase" customModule="game" customModuleProvider="target" sceneMemberID="viewController">
                    <view key="view" contentMode="scaleToFill" id="WwG-t2-dky" customClass="fi">
                        <rect key="frame" x="0.0" y="0.0" width="375" height="667"/>
                        <autoresizingMask key="autoresizingMask" widthSizable="YES" heightSizable="YES"/>
                        <subviews>
                            <label opaque="NO" userInteractionEnabled="NO" contentMode="left" horizontalHuggingPriority="251" verticalHuggingPriority="251" fixedFrame="YES" text="Welcome To Portal" textAlignment="center" lineBreakMode="tailTruncation" baselineAdjustment="alignBaselines" adjustsFontForContentSizeCategory="YES" adjustsFontSizeToFit="NO" translatesAutoresizingMaskIntoConstraints="NO" id="d5d-I4-ULe">
                                <rect key="frame" x="103" y="103" width="169" height="65"/>
                                <autoresizingMask key="autoresizingMask" flexibleMaxX="YES" flexibleMaxY="YES"/>
                                <color key="backgroundColor" red="0.0" green="0.90713003660000002" blue="1" alpha="1" colorSpace="custom" customColorSpace="sRGB"/>
                                <fontDescription key="fontDescription" type="system" pointSize="17"/>
                                <color key="textColor" red="0.9452985384" green="1" blue="0.95720441300000003" alpha="1" colorSpace="custom" customColorSpace="sRGB"/>
                                <nil key="highlightedColor"/>
                            </label>
                            <label opaque="NO" userInteractionEnabled="NO" contentMode="left" horizontalHuggingPriority="251" verticalHuggingPriority="251" fixedFrame="YES" text="Name" textAlignment="center" lineBreakMode="tailTruncation" baselineAdjustment="alignBaselines" adjustsFontSizeToFit="NO" translatesAutoresizingMaskIntoConstraints="NO" id="ILK-du-hbK">
                                <rect key="frame" x="30" y="217" width="93" height="30"/>
                                <autoresizingMask key="autoresizingMask" flexibleMaxX="YES" flexibleMaxY="YES"/>
                                <color key="backgroundColor" red="0.0" green="0.90713003660000002" blue="1" alpha="1" colorSpace="custom" customColorSpace="sRGB"/>
                                <fontDescription key="fontDescription" type="system" pointSize="17"/>
                                <color key="textColor" red="0.9452985384" green="1" blue="0.95720441300000003" alpha="1" colorSpace="custom" customColorSpace="sRGB"/>
                                <nil key="highlightedColor"/>
                            </label>
                            <label opaque="NO" userInteractionEnabled="NO" contentMode="left" horizontalHuggingPriority="251" verticalHuggingPriority="251" fixedFrame="YES" text="Enrolment" textAlignment="center" lineBreakMode="tailTruncation" baselineAdjustment="alignBaselines" adjustsFontSizeToFit="NO" translatesAutoresizingMaskIntoConstraints="NO" id="ix2-ii-pF8">
                                <rect key="frame" x="34" y="255" width="89" height="38"/>
                                <autoresizingMask key="autoresizingMask" flexibleMaxX="YES" flexibleMaxY="YES"/>
                                <color key="backgroundColor" red="0.0" green="0.90713003660000002" blue="1" alpha="1" colorSpace="custom" customColorSpace="sRGB"/>
                                <fontDescription key="fontDescription" type="system" pointSize="17"/>
                                <color key="textColor" red="0.9452985384" green="1" blue="0.95720441300000003" alpha="1" colorSpace="custom" customColorSpace="sRGB"/>
                                <nil key="highlightedColor"/>
                            </label>
                            <label opaque="NO" userInteractionEnabled="NO" contentMode="left" horizontalHuggingPriority="251" verticalHuggingPriority="251" fixedFrame="YES" text="Branch" textAlignment="center" lineBreakMode="tailTruncation" baselineAdjustment="alignBaselines" adjustsFontSizeToFit="NO" translatesAutoresizingMaskIntoConstraints="NO" id="ckt-Xx-iHP">
                                <rect key="frame" x="34" y="301" width="89" height="33"/>
                                <autoresizingMask key="autoresizingMask" flexibleMaxX="YES" flexibleMaxY="YES"/>
                                <color key="backgroundColor" red="0.0" green="0.90713003660000002" blue="1" alpha="1" colorSpace="custom" customColorSpace="sRGB"/>
                                <fontDescription key="fontDescription" type="system" pointSize="17"/>
                                <color key="textColor" red="0.9452985384" green="1" blue="0.95720441300000003" alpha="1" colorSpace="custom" customColorSpace="sRGB"/>
                                <nil key="highlightedColor"/>
                            </label>
                            <button opaque="NO" contentMode="scaleToFill" fixedFrame="YES" contentHorizontalAlignment="center" contentVerticalAlignment="center" buttonType="roundedRect" lineBreakMode="middleTruncation" translatesAutoresizingMaskIntoConstraints="NO" id="adh-PQ-9us">
                                <rect key="frame" x="163" y="419" width="49" height="30"/>
                                <autoresizingMask key="autoresizingMask" flexibleMaxX="YES" flexibleMaxY="YES"/>
                                <color key="backgroundColor" red="0.9452985384" green="1" blue="0.95720441300000003" alpha="1" colorSpace="custom" customColorSpace="sRGB"/>
                                <state key="normal" title="Submit">
                                    <color key="titleColor" red="1" green="0.12751865609999999" blue="0.044703822329999997" alpha="1" colorSpace="custom" customColorSpace="sRGB"/>
                                </state>
                                <connections>
                                    <action selector="submit:" destination="Qw5-wE-PH1" eventType="touchUpInside" id="I9w-b9-iAG"/>
                                </connections>
                            </button>
                            <textField opaque="NO" contentMode="scaleToFill" fixedFrame="YES" contentHorizontalAlignment="left" contentVerticalAlignment="center" borderStyle="roundedRect" textAlignment="natural" minimumFontSize="17" translatesAutoresizingMaskIntoConstraints="NO" id="0Vq-K4-vEO">
                                <rect key="frame" x="131" y="215" width="141" height="30"/>
                                <autoresizingMask key="autoresizingMask" flexibleMaxX="YES" flexibleMaxY="YES"/>
                                <nil key="textColor"/>
                                <fontDescription key="fontDescription" type="system" pointSize="14"/>
                                <textInputTraits key="textInputTraits"/>
                            </textField>
                            <textField opaque="NO" contentMode="scaleToFill" fixedFrame="YES" contentHorizontalAlignment="left" contentVerticalAlignment="center" borderStyle="roundedRect" textAlignment="natural" minimumFontSize="17" translatesAutoresizingMaskIntoConstraints="NO" id="DxQ-sj-aZ2">
                                <rect key="frame" x="131" y="255" width="141" height="30"/>
                                <autoresizingMask key="autoresizingMask" flexibleMaxX="YES" flexibleMaxY="YES"/>
                                <nil key="textColor"/>
                                <fontDescription key="fontDescription" type="system" pointSize="14"/>
                                <textInputTraits key="textInputTraits"/>
                            </textField>
                            <textField opaque="NO" contentMode="scaleToFill" fixedFrame="YES" contentHorizontalAlignment="left" contentVerticalAlignment="center" borderStyle="roundedRect" textAlignment="natural" minimumFontSize="17" translatesAutoresizingMaskIntoConstraints="NO" id="gEg-gE-6FO">
                                <rect key="frame" x="131" y="301" width="141" height="30"/>
                                <autoresizingMask key="autoresizingMask" flexibleMaxX="YES" flexibleMaxY="YES"/>
                                <nil key="textColor"/>
                                <fontDescription key="fontDescription" type="system" pointSize="14"/>
                                <textInputTraits key="textInputTraits"/>
                            </textField>
                            <button opaque="NO" contentMode="scaleToFill" fixedFrame="YES" contentHorizontalAlignment="center" contentVerticalAlignment="center" buttonType="roundedRect" lineBreakMode="middleTruncation" translatesAutoresizingMaskIntoConstraints="NO" id="VAt-Ad-nJs">
                                <rect key="frame" x="145" y="476" width="89" height="30"/>
                                <autoresizingMask key="autoresizingMask" flexibleMaxX="YES" flexibleMaxY="YES"/>
                                <color key="backgroundColor" red="0.9452985384" green="1" blue="0.95720441300000003" alpha="1" colorSpace="custom" customColorSpace="sRGB"/>
                                <state key="normal" title="Show Details">
                                    <color key="titleColor" red="1" green="0.12751865609999999" blue="0.044703822329999997" alpha="1" colorSpace="custom" customColorSpace="sRGB"/>
                                </state>
                                <connections>
                                    <segue destination="D4R-k2-SD9" kind="show" id="BmP-SF-xxs"/>
                                </connections>
                            </button>
                            <button opaque="NO" contentMode="scaleToFill" fixedFrame="YES" contentHorizontalAlignment="center" contentVerticalAlignment="center" buttonType="roundedRect" lineBreakMode="middleTruncation" translatesAutoresizingMaskIntoConstraints="NO" id="ZIO-fh-OCa">
                                <rect key="frame" x="122" y="542" width="131" height="30"/>
                                <autoresizingMask key="autoresizingMask" flexibleMaxX="YES" flexibleMaxY="YES"/>
                                <color key="backgroundColor" white="1" alpha="1" colorSpace="custom" customColorSpace="genericGamma22GrayColorSpace"/>
                                <state key="normal" title="Collection Example">
                                    <color key="titleColor" red="1" green="0.12751865609999999" blue="0.044703822329999997" alpha="1" colorSpace="custom" customColorSpace="sRGB"/>
                                </state>
                                <connections>
                                    <segue destination="ujK-7A-uXW" kind="show" id="D4A-y0-5XN"/>
                                </connections>
                            </button>
                        </subviews>
                        <color key="backgroundColor" red="0.059984352749999997" green="1" blue="0.2682218468" alpha="1" colorSpace="custom" customColorSpace="sRGB"/>
                        <viewLayoutGuide key="safeArea" id="j3g-4A-7Av"/>
                    </view>
                    <navigationItem key="navigationItem" id="u72-JH-RPb"/>
                    <connections>
                        <outlet property="branch" destination="gEg-gE-6FO" id="icd-rD-F9j"/>
                        <outlet property="enrol" destination="DxQ-sj-aZ2" id="iNK-Vi-MP3"/>
                        <outlet property="name" destination="0Vq-K4-vEO" id="Kzl-N0-eRV"/>
                    </connections>
                </viewController>
                <placeholder placeholderIdentifier="IBFirstResponder" id="B1Y-EA-owi" userLabel="First Responder" sceneMemberID="firstResponder"/>
            </objects>
            <point key="canvasLocation" x="4044" y="53.523238380809602"/>
        </scene>
        <!--First Collection View Controller-->
        <scene sceneID="r8t-tP-AnT">
            <objects>
                <collectionViewController id="ujK-7A-uXW" customClass="FirstCollectionViewController" customModule="game" customModuleProvider="target" sceneMemberID="viewController">
                    <collectionView key="view" clipsSubviews="YES" multipleTouchEnabled="YES" contentMode="scaleToFill" dataMode="prototypes" id="dMt-EO-Uzu">
                        <rect key="frame" x="0.0" y="0.0" width="375" height="667"/>
                        <autoresizingMask key="autoresizingMask" widthSizable="YES" heightSizable="YES"/>
                        <color key="backgroundColor" white="1" alpha="1" colorSpace="custom" customColorSpace="genericGamma22GrayColorSpace"/>
                        <collectionViewFlowLayout key="collectionViewLayout" minimumLineSpacing="10" minimumInteritemSpacing="10" id="YT5-t6-mHA">
                            <size key="itemSize" width="176" height="162"/>
                            <size key="headerReferenceSize" width="0.0" height="0.0"/>
                            <size key="footerReferenceSize" width="0.0" height="0.0"/>
                            <inset key="sectionInset" minX="0.0" minY="0.0" maxX="0.0" maxY="0.0"/>
                        </collectionViewFlowLayout>
                        <cells>
                            <collectionViewCell opaque="NO" clipsSubviews="YES" multipleTouchEnabled="YES" contentMode="center" reuseIdentifier="mycell" id="DaP-OH-zjr" customClass="FirstCollectionViewCell" customModule="game" customModuleProvider="target">
                                <rect key="frame" x="0.0" y="0.0" width="176" height="162"/>
                                <autoresizingMask key="autoresizingMask" flexibleMaxX="YES" flexibleMaxY="YES"/>
                                <view key="contentView" opaque="NO" clipsSubviews="YES" multipleTouchEnabled="YES" contentMode="center" insetsLayoutMarginsFromSafeArea="NO">
                                    <rect key="frame" x="0.0" y="0.0" width="176" height="162"/>
                                    <autoresizingMask key="autoresizingMask"/>
                                    <subviews>
                                        <imageView userInteractionEnabled="NO" contentMode="scaleToFill" horizontalHuggingPriority="251" verticalHuggingPriority="251" fixedFrame="YES" translatesAutoresizingMaskIntoConstraints="NO" id="NHx-l0-ijV">
                                            <rect key="frame" x="11" y="14" width="153" height="134"/>
                                            <autoresizingMask key="autoresizingMask" flexibleMaxX="YES" flexibleMaxY="YES"/>
                                        </imageView>
                                    </subviews>
                                </view>
                                <connections>
                                    <outlet property="imagetodisplay" destination="NHx-l0-ijV" id="elP-SU-cNO"/>
                                </connections>
                            </collectionViewCell>
                        </cells>
                        <connections>
                            <outlet property="dataSource" destination="ujK-7A-uXW" id="0nG-Vu-cdJ"/>
                            <outlet property="delegate" destination="ujK-7A-uXW" id="Iss-M6-Dwk"/>
                        </connections>
                    </collectionView>
                    <connections>
                        <segue destination="Ncf-pI-w0w" kind="show" identifier="collectionnextview" id="6GS-sR-pRM"/>
                    </connections>
                </collectionViewController>
                <placeholder placeholderIdentifier="IBFirstResponder" id="eHX-JN-YAt" userLabel="First Responder" sceneMemberID="firstResponder"/>
            </objects>
            <point key="canvasLocation" x="4044" y="834.33283358320841"/>
        </scene>
        <!--Next View After Collection View Controller-->
        <scene sceneID="N9c-lh-gE8">
            <objects>
                <viewController id="Ncf-pI-w0w" customClass="NextViewAfterCollectionViewController" customModule="game" customModuleProvider="target" sceneMemberID="viewController">
                    <view key="view" contentMode="scaleToFill" id="syj-kP-9hF">
                        <rect key="frame" x="0.0" y="0.0" width="375" height="667"/>
                        <autoresizingMask key="autoresizingMask" widthSizable="YES" heightSizable="YES"/>
                        <subviews>
                            <imageView userInteractionEnabled="NO" contentMode="scaleToFill" horizontalHuggingPriority="251" verticalHuggingPriority="251" fixedFrame="YES" translatesAutoresizingMaskIntoConstraints="NO" id="00C-JY-qbd">
                                <rect key="frame" x="16" y="108" width="343" height="183"/>
                                <autoresizingMask key="autoresizingMask" flexibleMaxX="YES" flexibleMaxY="YES"/>
                            </imageView>
                        </subviews>
                        <color key="backgroundColor" white="1" alpha="1" colorSpace="custom" customColorSpace="genericGamma22GrayColorSpace"/>
                        <viewLayoutGuide key="safeArea" id="GGL-LR-xJL"/>
                    </view>
                    <connections>
                        <outlet property="imageview" destination="00C-JY-qbd" id="Ser-g0-oO2"/>
                    </connections>
                </viewController>
                <placeholder placeholderIdentifier="IBFirstResponder" id="8oG-Yy-o30" userLabel="First Responder" sceneMemberID="firstResponder"/>
            </objects>
            <point key="canvasLocation" x="4044" y="1674.5127436281859"/>
        </scene>
        <!--Firebase Table Table View Controller-->
        <scene sceneID="1Ig-gz-nL6">
            <objects>
                <tableViewController id="D4R-k2-SD9" customClass="FirebaseTableTableViewController" customModule="game" customModuleProvider="target" sceneMemberID="viewController">
                    <tableView key="view" clipsSubviews="YES" contentMode="scaleToFill" alwaysBounceVertical="YES" dataMode="prototypes" style="plain" separatorStyle="default" rowHeight="-1" estimatedRowHeight="-1" sectionHeaderHeight="28" sectionFooterHeight="28" id="cU5-Nm-yqM">
                        <rect key="frame" x="0.0" y="0.0" width="375" height="667"/>
                        <autoresizingMask key="autoresizingMask" widthSizable="YES" heightSizable="YES"/>
                        <color key="backgroundColor" white="1" alpha="1" colorSpace="custom" customColorSpace="genericGamma22GrayColorSpace"/>
                        <prototypes>
                            <tableViewCell clipsSubviews="YES" contentMode="scaleToFill" preservesSuperviewLayoutMargins="YES" selectionStyle="default" indentationWidth="10" reuseIdentifier="firebase" id="bDo-Wz-Cg4">
                                <rect key="frame" x="0.0" y="28" width="375" height="44"/>
                                <autoresizingMask key="autoresizingMask"/>
                                <tableViewCellContentView key="contentView" opaque="NO" clipsSubviews="YES" multipleTouchEnabled="YES" contentMode="center" preservesSuperviewLayoutMargins="YES" insetsLayoutMarginsFromSafeArea="NO" tableViewCell="bDo-Wz-Cg4" id="wbc-rW-l6z">
                                    <rect key="frame" x="0.0" y="0.0" width="375" height="43.5"/>
                                    <autoresizingMask key="autoresizingMask"/>
                                </tableViewCellContentView>
                            </tableViewCell>
                        </prototypes>
                        <connections>
                            <outlet property="dataSource" destination="D4R-k2-SD9" id="GLf-7b-EgB"/>
                            <outlet property="delegate" destination="D4R-k2-SD9" id="WCl-G1-RoC"/>
                        </connections>
                    </tableView>
                </tableViewController>
                <placeholder placeholderIdentifier="IBFirstResponder" id="eei-jY-IP5" userLabel="First Responder" sceneMemberID="firstResponder"/>
            </objects>
            <point key="canvasLocation" x="4784.8000000000002" y="53.523238380809602"/>
        </scene>
        <!--Navigation Controller-->
        <scene sceneID="0ld-vw-7Yl">
            <objects>
                <navigationController automaticallyAdjustsScrollViewInsets="NO" id="f1L-AT-HwB" sceneMemberID="viewController">
                    <toolbarItems/>
                    <navigationBar key="navigationBar" contentMode="scaleToFill" insetsLayoutMarginsFromSafeArea="NO" id="pek-RG-M5l">
                        <rect key="frame" x="0.0" y="20" width="375" height="44"/>
                        <autoresizingMask key="autoresizingMask"/>
                    </navigationBar>
                    <nil name="viewControllers"/>
                    <connections>
                        <segue destination="BYZ-38-t0r" kind="relationship" relationship="rootViewController" id="ea4-Rl-zmI"/>
                    </connections>
                </navigationController>
                <placeholder placeholderIdentifier="IBFirstResponder" id="Fj9-dC-SaC" userLabel="First Responder" sceneMemberID="firstResponder"/>
            </objects>
            <point key="canvasLocation" x="-1073" y="54"/>
        </scene>
        <!--Navigation Controller-->
        <scene sceneID="AUO-pc-WHs">
            <objects>
                <navigationController automaticallyAdjustsScrollViewInsets="NO" id="zzj-Fg-Tt5" sceneMemberID="viewController">
                    <toolbarItems/>
                    <navigationBar key="navigationBar" contentMode="scaleToFill" insetsLayoutMarginsFromSafeArea="NO" id="UDD-19-4At">
                        <rect key="frame" x="0.0" y="20" width="375" height="44"/>
                        <autoresizingMask key="autoresizingMask"/>
                    </navigationBar>
                    <nil name="viewControllers"/>
                    <connections>
                        <segue destination="Qw5-wE-PH1" kind="relationship" relationship="rootViewController" id="uc6-JC-RLP"/>
                    </connections>
                </navigationController>
                <placeholder placeholderIdentifier="IBFirstResponder" id="5hb-f0-dyT" userLabel="First Responder" sceneMemberID="firstResponder"/>
            </objects>
            <point key="canvasLocation" x="3104.8000000000002" y="53.523238380809602"/>
        </scene>
    </scenes>
    <resources>
        <image name="a3" width="329" height="153"/>
        <image name="car1" width="293" height="172"/>
        <image name="car2" width="313" height="161"/>
        <image name="car4" width="324" height="156"/>
    </resources>
</document>
